TOWN,wanted,POINT_X,POINT_Y,NOFBI_Stru
Lugare,0,34.014913605,0.0893989705646,
Port Victoria,0,33.9979727069,0.162314065764,
Sio Port,0,34.0285166021,0.236684461248,
Karungu,0,34.162721402,-0.832784139966,
Got Kachola,0,34.1404284517,-0.93937732186,
Magunga,0,34.1566711994,-0.68308942043,
Sindo,0,34.1713391806,-0.529491329565,
Busonga,0,34.0910873383,0.12106073897,
Muhuru,0,34.1048819852,-1.00763911613,
Macalder Mines,0,34.2975356216,-0.962115002993,
Aora,0,34.2387561563,-0.785400007664,
Wath Ong'er,0,34.2125798921,-0.941231765874,
Mbita,0,34.2055163348,-0.402479108607,
Luanda,0,34.291290539,-0.464132412975,
Luanda Kotieno,0,34.3002352149,-0.376962482799,
Ndingwa,0,34.3283724954,-0.321748851335,
Manywanda,0,34.2795161928,-0.238083320815,
Owimbi,0,34.3264741771,-0.218142851422,
Bondo,0,34.2741457958,-0.0854014466944,
Siaya,0,34.2948778441,0.0707484194677,County Headquaters
Ambira,0,34.3301501955,0.166935975423,
Masara,0,34.3122402786,-1.01683840294,
Kadem,0,34.2169009484,-1.00684196263,
Ukwala,0,34.1930253314,0.208509684966,
Nangina,0,34.0982339317,0.288450966557,
Matayos,0,34.168009586,0.372371685957,
Busia,0,34.1048364322,0.468390133789,County Headquaters
Mbwekas,0,34.1472006358,0.454385783036,
Ambila,0,34.2939250203,0.193905735916,
Bumala,0,34.2082648296,0.317627248987,
Butula,0,34.337880657,0.353484730624,
Sega,0,34.2321370299,0.264397124946,
Khawirale,0,34.2227531945,0.496368625404,
Nambale,0,34.2508564211,0.460061772957,
Mungatsi,0,34.3167047437,0.485074604239,
Machakusi,0,34.2384098186,0.61785868151,
Amukura,0,34.2763194821,0.58325598335,
Malaba,0,34.2789116775,0.648629296322,TLK (OFC Terminals)
Rapogi,0,34.4781135342,-0.898453608934,
Kagaga,0,34.4102184027,-0.816627331991,
Ndhiwa,0,34.3737569606,-0.721325385543,
Mirogi,0,34.4038855963,-0.6986662702,
Lambwe,0,34.3754520147,-0.562660298175,
Ogongo,0,34.3984481688,-0.578669754744,
Kabuadi,0,34.4794208188,-0.56919433983,
Homa Bay,0,34.4622876411,-0.513429025,County Headquaters
Ndori,0,34.3808793211,-0.0591790380488,
Asembo,0,34.3918165148,-0.169580044922,
Akala,0,34.4374392185,-0.0486876578301,
Kagilo,0,34.4400536948,0.0680652523343,
Ng'iya,0,34.373007665,0.0588236425065,
Kodiaga,0,34.459260032,0.12433900706,
Sidindi,0,34.3836046678,0.170072404571,
Migori,0,34.4629758639,-1.05919980222,County Headquaters
Icebania,0,34.4682007237,-1.23155429626,
Awendo,0,34.5368803761,-0.894446671045,
Ranen,0,34.5667619287,-0.845144050263,
Nyangweta,0,34.6410767955,-0.838119723283,
Rongo,0,34.6045947565,-0.743500791143,
Kamagambo,0,34.6280247695,-0.721853922154,
Rodi Kopany,0,34.5042671374,-0.610213793291,
Imbo,0,34.5372391645,-0.5845231738,
Rangwe,0,34.5851771798,-0.587373836825,
Olare,0,34.5316731252,-0.48777503494,
Kandiege,0,34.5501446972,-0.413913175097,
Wagwe,0,34.5634808569,-0.343978323817,
Oriang,0,34.6303765668,-0.38040312155,
Kombewa,0,34.5135908293,-0.0823259289432,
Maseno,0,34.6019055457,0.000926714545482,
Luanda,0,34.5834531447,0.0456389184566,
Yala,0,34.5348741636,0.107152570338,
Yani,0,34.5707579732,-1.03189749756,
Kehancha,0,34.6147515996,-1.16320193375,
Taranganya,0,34.5861865226,-1.22997368939,
Buhuyi,0,34.4080741339,0.380169444982,
Myanga,0,34.3924156776,0.578272969655,
Mayanja,0,34.4311060444,0.684651528915,
Omudeke,0,34.3616588165,0.704857453547,
Kakameri,0,34.3909077992,0.759452147599,
Wamono,0,34.438063286,0.803926675292,
Chelebei,0,34.5591656322,0.82195757466,
Sirisia,0,34.5160995873,0.78037568848,
Chwele,0,34.5741541136,0.746606602064,
Kuywa,0,34.6399663668,0.760718855233,
Sikusi,0,34.5535663034,0.705990707213,
Mayanja,0,34.5142883556,0.660698893691,
Kibabii,0,34.5235614803,0.632348920546,
Bungoma,0,34.5534026055,0.570523293035,
Khachonge,0,34.6211124734,0.696174389892,
Bukura,0,34.6190101914,0.233751589276,
Lunza,0,34.5499151849,0.248013939976,
Khwishero,0,34.5970356862,0.184132379486,
Shianda,0,34.5707154712,0.332665580326,
Kabula,0,34.5153791721,0.469072698849,
Kisii,0,34.7829307601,-0.664987888667,County Headquaters
Itumbe,0,34.7792522534,-0.739869880884,
Ogembo,0,34.7284740604,-0.784891321368,
Oyugis,0,34.7307129147,-0.496862851446,
Kendu Bay,0,34.6491780908,-0.346996107887,
Mawego,0,34.7735341017,-0.382234998434,
Majengo,0,34.7226636789,0.0628007143159,
Kiboswa,0,34.7443519864,-0.00506966273309,
Kisumu,0,34.7698767256,-0.081128197974,County Headquaters
Chavakali,0,34.7324745357,0.130896408029,
Sabatia,0,34.7886295213,0.135217104362,
Nyamache,0,34.828818703,-0.846143514296,
Nyangusu,0,34.8533033798,-0.919017164362,
Kiamokama,0,34.8898686462,-0.813387010452,
Kegati,0,34.8175790051,-0.689926334398,
Tombe,0,34.8801196491,-0.638593972753,
Igare,0,34.8085252884,-0.787936720975,
Magombo,0,34.9249231921,-0.665106698488,
Keumbu,0,34.8505490069,-0.716007168794,
Marani,0,34.8036930641,-0.574846100248,
Kusa,0,34.8542436125,-0.301350354881,
Paponditi,0,34.9408697708,-0.288044255665,
Kabondo,0,34.8861451883,-0.438297405171,
Ahero,0,34.9226291509,-0.156472051771,
Nyamanya,0,34.9098040663,-0.507963188016,
Kibos,0,34.8108405835,-0.0575015989125,
Kaimosi,0,34.8492921665,0.138087388039,
Kilgoris,0,34.876582504,-1.00996229258,
Kapsakwony,0,34.7094718858,0.855590185999,
Kimilili,0,34.7115139051,0.79948592483,
Chesamisi,0,34.7927482331,0.845169686103,
Misikshu,0,34.7504418004,0.728121203678,
Webuye,0,34.7650015479,0.619013994609,TLK (OFC Terminals)
Matsi,0,34.6891549746,0.635477342107,
Bokoli,0,34.6560529058,0.724954275225,
Miendo,0,34.6842321406,0.678832531758,
Khayega,0,34.7713388757,0.213608453335,
Kakamega,0,34.7503148837,0.2912159837,County Headquaters
Musoli,0,34.6641614708,0.215504233712,
Butsotso,0,34.696233187,0.370605471538,
Ingotse,0,34.7226472434,0.352164275573,
Nambacha,0,34.666700877,0.400989794735,
Chebuyusa,0,34.6566511479,0.431571376214,
Endebes,0,34.8658927339,1.08488467189,
Kanyankwat,0,34.9235346584,1.27370770083,
Kiminini,0,34.9253288579,0.908539755868,
Saboti,0,34.8418879131,0.955633926385,
Lugari,0,34.8709621224,0.663455616827,
Vihiga,0,34.9449975093,0.303669789643,County Headquaters
Shinyalu,0,34.8175076395,0.241766501343,
Lubao,0,34.8110960353,0.349317442193,
Mwanza,0,34.8518487547,0.39462319884,
Malava,0,34.8541989708,0.458994102427,
Keroka,0,34.9524480428,-0.75932384665,
Sondu,0,35.0150263345,-0.373327180988,
Kabeneti,0,35.0798793801,-0.431696662201,
Chebilat,0,35.0884943356,-0.672468891597,
Menyenya,0,35.0155688596,-0.744524888387,
Miwani,0,34.9836129909,-0.0488920496942,
Chemase,0,35.0522453722,-0.0212413920426,
Kobujoi,0,34.9823417381,0.0730411173325,
Ikonge,0,34.9975476414,-0.515983845596,
Kaptumo,0,35.0752639986,0.084562919866,
Litein,0,35.1981581998,-0.570201785937,
Kabianga,0,35.1406927971,-0.429350148419,
Sosiot,0,35.181449519,-0.343407686203,
Siongiroi,0,35.2171514158,-0.891146721544,
Ndanai,0,35.1022845242,-0.826539456938,
Kapketet,0,35.1350162544,-0.776303617197,
Chebole,0,35.2197873064,-0.730416128902,
Sotik,0,35.1247423969,-0.670880698666,
Kapkatek,0,35.2002125562,-0.614243699753,
Nandi Hills,0,35.1910888677,0.122320627218,
Songhor,0,35.2194650934,-0.0381923238295,
Muhoroni,0,35.1897178342,-0.129759301138,TLK (OFC Terminals)
Chemilil,0,35.1270569333,-0.0832943662327,
Roret,0,35.1119223569,-0.493790218054,
Keekorok Lodge,0,35.2327832893,-1.5706672034,
Keringe,0,35.0617276792,1.22751203762,
Kitale,0,35.0199054268,1.03315618761,County Headquaters
Kipsain,0,35.0893325993,1.10617406411,
Kacheliba,0,35.0223698067,1.49037582532,
Kunyuo,0,35.0633159665,1.80510212597,
Ndalu,0,34.9948025541,0.851601096917,
Turbo,0,35.0491877545,0.654861220595,
Kapkangani,0,34.9527779961,0.201999505295,
Chekopegh,0,35.2406606816,1.47429324264,
Chepareria,0,35.2250785865,1.32548593406,
Makutano,0,35.1078317329,1.27337748191,
Cherangani,0,35.2203760482,0.997387711749,
Moi's Bridge,0,35.1209518957,0.898448762162,
Soy,0,35.1597038867,0.690356357476,
Kaigat,0,35.112006845,0.53440649662,
Kapsabet,0,35.1106668924,0.221728773725,County Headquaters
Arwos,0,35.2057635772,0.224945748373,
Chepterit,0,35.1611819474,0.336691591918,
Kericho,0,35.2897875516,-0.353571784467,County Headquaters
Sigor,0,35.3058845807,-0.905580986967,
Bomet,0,35.350992397,-0.769320681942,County Headquaters
Silibwet,0,35.3514887906,-0.706991078035,
Ndaraweta,0,35.3782755426,-0.656836045074,
Tenwet,0,35.3564933769,-0.729490852687,
Mtetei,0,35.3132246583,0.0203785419961,
Ainamoi,0,35.2768452682,-0.287353035931,
Fort Tenan,0,35.3513891216,-0.184095047208,
Chepsoen,0,35.4423550931,-0.2595031616,
Kipkelion,0,35.4662275116,-0.176269638802,
Longisa,0,35.4002807289,-0.842789137923,
Mulot,0,35.4290051198,-0.913096011015,
Nabkoi,0,35.4753288103,0.156662141902,
Ngorengore,0,35.4898345929,-1.03723613225,
Kapcherop,0,35.3436462197,1.05087727288,
Chepunyal,0,35.3033564775,1.61965014256,
Chebit,0,35.3527872307,1.41473525702,
Ptoyo,0,35.2559833247,1.67084967062,
Moiben,0,35.3866474801,0.835940066761,
Cheborowa,0,35.3921786527,0.9616321922,
Chepkoilel,0,35.3696276004,0.537715749078,
Eldoret,0,35.2775398958,0.534556526411,County Headquaters
Lessos,0,35.3098383916,0.228254031156,
Kesses,0,35.3322147979,0.31075126434,
Kainuk,0,35.5234756202,1.78879925856,
Sigor,0,35.48908311,1.5021554128,
Ainabkoi,0,35.5311442754,0.1816207652,
Tambach,0,35.5289958398,0.607006956086,
Iten,0,35.5124554912,0.68984582064,County Headquaters
Burnt Forest,0,35.4408825172,0.229593999054,
Morijo,0,35.8115566539,-1.69541083491,
Kedowa,0,35.5664065411,-0.204763823851,
Londiani,0,35.6003002045,-0.146967472773,TLK (OFC Terminals)
Songor,0,35.5467069076,-0.809693999495,
Chebakundi,0,35.6730426591,-0.641957250571,
Mau Summit,0,35.684515878,-0.153237779903,TLK (OFC Terminals)
Makutano,0,35.6436901289,-0.0445080052469,
Timboroa,0,35.5471210017,0.0845776790246,
Olulunga,0,35.6447695624,-1.00995990819,
Naikara,0,35.6538296148,-1.60314034563,
Shabaltaragwa,0,35.8061115744,-0.53132027497,
Olenguruone,0,35.7048983664,-0.566841543078,
Elburgon,2,35.8251386529,-0.281572103734,
Molo,0,35.7392470768,-0.23015758622,
Saos,2,35.8319377403,0.126400039842,
Eldama Ravine,0,35.736758953,0.0641132681449,
Ewaso Ngiro,0,35.7542619272,-1.14526244967,
Chesoi,0,35.6116235605,1.0769556972,
Tot,0,35.6736372082,1.22139858282,
Lolongot,0,35.6468248257,1.74908378932,
Kamwoso,0,35.577180372,0.219479784662,
Kipsaos,0,35.6298781209,0.191606849787,
Nyaru,0,35.5796985216,0.34590707819,
Kimwarer,0,35.6381699313,0.339021777462,
Kabluk,0,35.6729624983,0.585998934873,
Kapsowar,0,35.5670312317,1.00068809836,
Kolowa,0,35.7750270253,1.24288647735,
Tenges,0,35.8105638083,0.319087413601,
Kabarnet,0,35.7600286673,0.50547453308,County Headquaters
Kabartonjo,0,35.8002610252,0.659025132655,
Kipsoramon,2,35.8375352414,0.751339237855,
Kinyach,0,35.6955433615,0.9503233749,
Ngareta,2,35.8411848714,-0.901818005035,
Enangiperi,2,35.918079993,-0.664765032309,
Njoro,0,35.9452373943,-0.3124291178,
Kampi Ya Moto,0,35.9475359576,-0.107102688351,
Rongai,2,35.8694375551,-0.154272094286,
Mogotio,0,35.9726257235,-0.00144723237658,
Narok,2,35.8652940779,-1.08566896486,County Headquaters
Narosura,2,35.8543849573,-1.53131433905,
Nakuru,0,36.0621388914,-0.284674613031,County Headquaters
Lanet,0,36.1339047767,-0.305256264801,
Olombokishi,0,36.041442578,-1.00923621193,
Cheberen,2,35.8441525921,0.249122960702,
Kamungei,2,35.8701285241,0.499844380747,
Kipcherere,2,35.8650601852,0.616305494326,
Kapedo,2,36.0956724348,1.1758763979,
Napeitom,2,36.0471450901,1.67968563873,
Lokori,2,36.0114030048,1.95472739361,
Loruk,0,36.0193938815,0.713495847701,
Logomukum,0,36.0678172767,0.438999004731,
Nadapal,0,34.3097654596,4.4286682765,
Lokichokio,0,34.3696349511,4.20889308766,ZTE (OFC Terminals)
Kakuma,0,34.881240347,3.71072088036,ZTE (OFC Terminals)
Loiya,0,34.9872799095,2.52694094398,
Alale,0,35.0285742604,2.2668246966,
Kagododoya,0,35.1180669598,2.73184400467,
Makutano,0,35.3245215732,3.63412107448,
Lorukumu,0,35.259334333,2.88901738893,
Lodwar,0,35.6169838011,3.13530153372,County Headquaters
Lokichar,0,35.670490189,2.3958901715,ZTE (OFC Terminals)
Lokitung,0,35.7773617304,4.2711022278,
Kalakol,0,35.9171748852,3.53922893549,
Loperot,2,35.8726021873,2.35179961108,
Namurupoll,0,35.9765048473,4.57469044103,
Todenyang,0,35.9612668804,4.52750025265,
Magadi,0,36.2810895173,-1.89156654178,
Subukia,0,36.2163069382,0.00131462483099,
Solai,0,36.1424697814,0.0169428906588,
Kabazi,0,36.1624695848,-0.081249767121,
Dundori,0,36.2142373381,-0.254992126799,
Elementeta,0,36.1539895965,-0.490489369895,
Kongoni,0,36.2540115965,-0.821448849801,
Nairagie Enkare,0,36.1509566653,-1.0408446909,
Nyahururu,0,36.3541352532,0.0407336575878,County Headquaters
Ol Joro Orok,0,36.3565547529,-0.0731618870094,
Ol Karau,0,36.3702593029,-0.269858171456,
Gilgil,0,36.3106991551,-0.501778104938,TLK (OFC Terminals)
Naivasha,0,36.4301800494,-0.719300461493,TLK (OFC Terminals)
Tangulbei,0,36.2681773106,0.796185580968,
Ndindika,0,36.3096980328,0.411307659107,
Sipili,0,36.3622580169,0.396183415286,
Ngarua,0,36.3086994808,0.278273001301,
Ndaragwa,0,36.5214934574,-0.0575525835786,
Magomano,0,36.4869743173,-0.327523923196,
North Kinangop,0,36.5730865526,-0.604756785957,
Kijabe,0,36.5745305392,-0.924015258008,
Ewaso Kedong,0,36.4793023523,-1.12901711135,
Kamae,0,36.6296871135,-0.840012252325,
Njabini,0,36.6520943423,-0.719750842502,
Gatarakwa,0,36.7212720233,-0.224048387909,
Kamondo,0,36.7310493511,-1.09967103498,
Uplands,0,36.6372843138,-1.03241523107,
Tigoni,0,36.6610107513,-1.11871241846,
Rironi,0,36.6292941331,-1.14909280623,
Limuru,0,36.6251934808,-1.10256386048,
Kikuyu,0,36.6538772095,-1.23329906368,
Lusigeti,0,36.6066346989,-1.27044517159,
Ngong,0,36.6472619721,-1.35199782153,
Wangige,0,36.7059048453,-1.2038598368,
Kiserian,0,36.6805832868,-1.41911181188,
Sukuta Magie,0,36.5825776991,0.710397929139,
Rumuruti,0,36.526584492,0.258768869218,
Poro,2,36.6116815749,1.24175919777,
Maralal,2,36.6986623591,1.09703062186,County Headquaters
Sukuta Lol Marmar,0,36.6746715509,0.82973107209,
Kajiado,0,36.7893167026,-1.83154555193,County Headquaters
Namanga,0,36.7907697326,-2.5286591795,TLK (OFC Terminals)
Kiu,0,37.1567850395,-1.88134221652,
Konza,2,37.1300306162,-1.72344180484,
Selengei,0,37.1699909928,-2.16340028736,
Salama,2,37.2498833127,-1.83939234483,
Kiganjo,0,36.8072756217,-0.967037263405,
Kinyona,0,36.8031006606,-0.752774551897,
Konyu,0,36.8614998783,-0.5204585842,
Kanjora,0,36.8751932268,-0.392324643371,
Endarasha,0,36.7864414951,-0.303384758681,
Lomuria,0,36.8600400353,-0.139347466405,
Ngobit,0,36.7749275901,-0.0511455652822,
Kiambu,0,36.8283662897,-1.15688531259,County Headquaters
Ndumberi,0,36.7986290504,-1.13736266937,
Kimathi,0,36.8397780496,-1.08877269159,
Githunguri,0,36.7796281783,-1.04702646899,
Ikinu,0,36.7904765179,-1.09017072681,
Nairobi,0,36.8802049801,-1.28967778636,County Headquaters
Karuri,0,36.7403022629,-1.15729332344,
Ndenderu,0,36.7335781385,-1.18562227423,
Ongata Rongai,0,36.7523054449,-1.38386319808,
Gatanga,0,36.959392806,-0.926093518789,
Kandara,0,36.9844989072,-0.87894349288,
Kigumo,0,36.9670854144,-0.79150166755,
Kangema,0,36.9659621315,-0.67578699081,
Othaya,0,36.9397493316,-0.540727294049,
Nyeri,2,36.946263959,-0.419961500261,County Headquaters
Kiganjo,2,36.9990785205,-0.387655728392,
Mweiga,0,36.8957994374,-0.322122623224,
Naro Moru,2,37.014671384,-0.167668521021,
Juja,0,37.0086178699,-1.10006406545,
Ruiru,0,36.9600377849,-1.13921613394,
Nembu,0,36.8978142172,-1.04354135908,
Dandora,2,36.9372560356,-1.24239495436,
Kasarani,0,36.9108886812,-1.21545641537,
Athi River,2,36.9737225274,-1.43962806061,TLK (OFC Terminals)
Baragoi,2,36.7914897065,1.78639247533,
Lesirikan,2,36.9799475167,1.79486322142,
Lodungokwe,0,36.9931964113,0.868282429201,
Maragua,0,37.129400403,-0.790646933385,
Kabati,2,37.1094568881,-0.943959809414,
Muranga,0,37.1595238776,-0.714615178468,County Headquaters
Karatina,0,37.1173800749,-0.471844456529,
Mathira,0,37.1357495281,-0.36832745877,
Kangai,0,37.1692159675,-0.481700945524,
Mukurweini,0,37.041835322,-0.553214654321,
Nanyuki,2,37.0674893139,0.019319217107,County Headquaters
Thika,0,37.0598724453,-1.03394790198,TLK (OFC Terminals)
Makuyu,0,37.186287711,-0.889421703126,
Kagio,0,37.2510623814,-0.617991850029,
Kutus,0,37.3167295967,-0.55813470123,
Sagana,2,37.2065789271,-0.656299744096,ZTE (OFC Joint)
Kerugoya,0,37.2429330589,-0.470686840599,County Headquaters
Njiku,0,37.3057488498,-0.399842365726,
Baricho,0,37.2339572295,-0.544484267288,
Timau,0,37.2310441098,0.0917290890945,
Machakos,2,37.2588345401,-1.50680931065,County Headquaters
Ngelani,0,37.227648036,-1.40777145141,
Ngoleni,0,37.2843236375,-1.38141253559,
Tala,0,37.3145516405,-1.25402781802,
Ol Doinyo Sabuk,0,37.2597051074,-1.09836972176,
Dol Dol,0,37.1522226352,0.393540238673,
Barsalinga,2,37.0930565772,0.792176935494,
Longopito,0,37.1092280947,0.709611072473,
Illaut,2,37.2791824933,1.87069587242,
Wamba,0,37.3213710147,0.98577954526,
Emali,2,37.4745471872,-2.07412513373,
Sultan Hamud,2,37.3704732078,-2.00760449211,TLK (OFC Terminals)
Kilome,0,37.3456655181,-1.79137971223,
Nunguni,2,37.3618436142,-1.77720030806,
Kasikeu,0,37.3843835362,-1.93351398426,
Kola,0,37.3421505007,-1.68776243815,
Mukuyuni,2,37.4522485615,-1.73274145709,
Kilala,0,37.5505189632,-1.74968782328,
Makueni,2,37.6140058027,-1.79578809777,
Matiliku,0,37.5278403123,-1.92792618475,
Mwanyani,0,37.5092863956,-2.01234640679,
Salama,2,37.5857661063,-2.14266728494,
Oloitokitok,2,37.5021984849,-2.90262686467,
Rombo,2,37.7004484094,-3.0319843801,
Chumbini,2,37.7240928627,-3.19885753686,
Kiboko,2,37.6952384565,-2.18837242764,
Taveta,2,37.6723912082,-3.37685148778,NOFBI II (OFC Terminals)
Makindu,2,37.8259535858,-2.26380597051,
Ziwani,2,37.7906515919,-3.36064897572,
Embu,2,37.4462275946,-0.523915772133,County Headquaters
Kianyaga,0,37.3445148157,-0.489727064043,
Kisima,0,37.4060355826,0.117359769641,
Murubara,0,37.3596490011,-0.65220835856,
Kikima,0,37.4446962549,-1.64986541072,
Masii,0,37.4322454854,-1.44928774054,
Tawa,0,37.4539621317,-1.53551550247,
Jiani,0,37.3904011263,-1.45406100915,
Kangundo,0,37.3307921121,-1.28770691616,TLK (OFC Terminals)
Kabaa,0,37.44480422,-1.2289437215,
Mwala,0,37.444247518,-1.33070118793,
Kivani,0,37.3875724204,-1.35166217612,
Kithimani,2,37.4374602751,-1.16593185485,
Masinga,2,37.602717647,-0.958590954946,
Gachoka,2,37.5348390795,-0.621472259501,
Runyenjes,2,37.5588660194,-0.401990005433,
Chogoria,2,37.6165683009,-0.223427482301,
Wamunyu,2,37.5574823772,-1.39310938181,
Miu,0,37.5713427142,-1.50468244496,
Serolevi,2,37.5988923925,1.13857225177,
Isiolo,2,37.5712358497,0.357394312802,County Headquaters
Serolevi,2,37.5988923925,1.13857225177,
Siakago,2,37.6324773979,-0.569570351531,
Chuka,2,37.6323404425,-0.32020847204,County Headquaters
Igoji,2,37.6584483766,-0.179520732447,
Nkubu,2,37.6536362169,-0.0569390022754,
Meru,2,37.6444705826,0.0543117350799,County Headquaters
Ruira,0,37.6449073026,0.15891212171,
Kianjai,0,37.7435701582,0.175593569241,
Giaki,0,37.7593244852,0.0436198511543,
Kangonde,0,37.6704632731,-1.05617800174,ZTE (OFC Joint)
Katangi,0,37.6816549788,-1.38877399552,
Kiambere,2,37.7909741676,-0.682847183135,
Ishiara,0,37.7822584093,-0.440418563252,
Mutungau,0,37.775699284,-0.0941480776503,
Mutuati,0,37.8235820311,0.131335365108,
Yatta,0,37.8289655544,-1.45413582323,
Archer's Post,2,37.6587072484,0.640538614893,
Laisamis,2,37.7992693388,1.60714479654,Sagem (OFC Terminals)
Kangeta,0,37.8728253254,0.289965457952,
Laisamis,2,37.7992693388,1.60714479654,Sagem (OFC Terminals)
Ngwata,2,38.057576782,-2.5011062962,
Kibwezi,2,37.9606739263,-2.39005684722,
Murka,2,37.9370193813,-3.39315010554,
Mtito Andei,2,38.1680315307,-2.67117328705,TLK (OFC Terminals)
Darajani,2,38.1165808285,-2.56399978694,
Ikutha,2,38.1717009744,-2.04525931414,
Mutomo,2,38.2041442611,-1.82783303454,
Maktau,2,38.1355552724,-3.38297633167,
Wundanyi,2,38.3655392596,-3.37106541195,County Headquaters
Kanziku,0,38.3497435988,-1.95546013925,
Muthue,0,38.2597831084,-1.91558227167,
Bura,2,38.3151188515,-3.46629679578,
Mwatate,2,38.3838354232,-3.47527028336,
Mwakinyungu,2,38.4161033685,-3.39477079074,
Manyani,2,38.4915769079,-3.06670414942,
Ndi,2,38.5024987606,-3.21375204793,
Ndome,2,38.4872229468,-3.27584515423,
Tsavo,2,38.4689053245,-2.96622501457,
Mutha,0,38.4235192834,-1.77711761397,
Mwingi,2,38.0572131599,-0.916117029797,TLK (OFC Terminals)
Ishiara,0,38.0202552031,-0.300493769838,
Kathithine,0,37.9772900685,0.0674309869743,
Migwani,0,38.0122112409,-1.07837658492,
Tulia,0,37.9683058016,-1.1650364199,
Kyuso,0,38.2137260667,-0.526885290798,
Kandwia,0,38.1088816918,-0.593209846269,
Katse,0,38.075832762,-0.485015661132,
Mutitu,0,38.1837126144,-1.20753327369,
Ikoo,0,38.1609515504,-1.16086880326,
Mui,0,38.2098995118,-1.09958090644,
Kom,2,38.0375728302,1.08805768381,
Maua,2,37.9287221711,0.242327970814,
Lare,0,37.9241085198,0.346735029667,
Mutuati,0,37.9694230019,0.393191496552,
Kom,2,38.0375728302,1.08805768381,
Kula Mawe,0,38.172427721,0.588946335325,
Nguni,2,38.3131195593,-0.778606609751,
Sombe,0,38.2280291239,-1.43015220799,
Nuu,0,38.3535481778,-1.04722034913,
Voo,0,38.3169278843,-1.64716805317,
Loyangalani,2,36.7069830191,2.7582829121,
South Horr,2,36.9137985779,2.10453151741,
Sabarei,0,36.9113641984,4.32474260104,
North Horr,2,37.081118945,3.31825905323,
Kalacha Goda,2,37.4489471549,3.13323450042,
Marsabit,2,37.9887036643,2.34573085095,County Headquaters
Rukanga,2,38.6476121983,-3.78898886565,
Voi,2,38.5714125991,-3.36371376094,TLK (OFC Terminals)
Irima,2,38.5328830743,-3.33415823521,
Maungu,2,38.7540973243,-3.53020460907,
Bachuma,2,38.9252229745,-3.63580497757,
Lunga Lunga,0,39.1231304347,-4.52701948445,Sagem (OFC Terminals)
Mackinnon Road,2,39.041498184,-3.70089467926,
Kathungu,2,38.6465906449,-0.769894126687,
Endau,0,38.5161530305,-1.29661381615,
Mbalambala,2,39.0422722818,-0.0345769745077,
Bangali,2,39.0576075095,-0.67929342034,
Sericho,2,39.083288204,1.13400788237,
Vanga,0,39.2229306408,-4.62754413847,
Mrima,0,39.2710032556,-4.46749007418,
Mwangulu,0,39.1280584488,-4.38217253064,
Mwereni,0,39.1388174039,-4.29420296628,
Ndavaya,0,39.1624100394,-4.22395005168,
Banga,0,39.2369614587,-4.06557168474,
Kinangoni,2,39.2280853552,-3.84034862408,
Samburu,2,39.2651374264,-3.76310962471,
Kikoneni,0,39.3147896266,-4.41494623109,
Kinango,0,39.3135782249,-4.10453381903,
Ramisi,0,39.3982835442,-4.4952655487,
Shimba Hills,0,39.4158164882,-4.33037200896,
Sialoni,2,39.2828970517,-3.58896357646,
Sala Gate,2,39.182355651,-3.04784743351,
Msambweni,0,39.4809661644,-4.42439444498,
Kisima Chande,0,39.4811794825,-4.44649992971,
Gazi,0,39.5011456574,-4.38472227489,
Majimboni,0,39.4343339396,-4.28176648875,
Kwale,0,39.4555717397,-4.14870087704,County Headquaters
Mwambala,0,39.4267959625,-4.03474051827,
Mariakani,2,39.4754059691,-3.82968412952,
Mazeras,2,39.5502788018,-3.93306105994,TLK (OFC Terminals)
Tiwi,0,39.5714002809,-4.20754831338,
Ngombeni,0,39.6211420303,-4.09831292116,
Likoni,0,39.6612672047,-4.04846663169,
Mombasa,0,39.6627142298,-4.02426781399,County Headquaters
Bamba,2,39.5184088944,-3.51002063893,
Luswani,2,39.5684121119,-3.44186356809,
Ganze,2,39.6923440627,-3.50813841927,
Vitengeni,2,39.7099205413,-3.33004832024,
Mado Gashi,2,39.1563282554,0.733393906396,
Dujis,2,39.3532274087,0.295494024454,
Tula,2,39.6848249457,-0.829181774988,
Garissa,2,39.6290650492,-0.443616108572,County Headquaters
Madogo,2,39.571711439,-0.464514724847,
Bilifti,2,39.6987609043,-0.359845048847,
Habaswein,2,39.4628027988,1.00592882397,Sagem (OFC Terminals)
Shimo La Tewa,2,39.741380928,-3.91800789278,
Gongoni,2,39.7650915916,-3.79043435941,
Dindiri,2,39.7675648865,-3.70948587715,
Mitangoni,2,39.7713051947,-3.65630360135,
Kibaoni,2,39.8252632653,-3.67844646711,
Jambuni,2,39.7396618117,-3.59501735276,
Takaungu,2,39.862920107,-3.64601128163,
Kilifi,2,39.8640516291,-3.5954880559,County Headquaters
Mtondia,2,39.8722313953,-3.52601912268,
Kakoneni,2,39.8610985672,-3.14096564603,
Garashi,2,39.8884891442,-3.10166802668,
Marafa,2,39.9604384919,-2.99806155018,
Fundisha Kibaoni,2,40.1472002979,-2.91155863036,
Garsen,2,40.1210698959,-2.2437202936,County Headquaters
Tulu,2,40.0973780638,-2.25567005358,
Gedi,2,40.0087350713,-3.26748410442,
Malindi,2,40.114719447,-3.18339859369,Sagem (OFC Terminals)
Marikebuni,2,40.1099881599,-3.05981594266,
Gongoni,2,40.1333190821,-3.00345555921,
Ngao,2,40.205115729,-2.38005069487,
Mambrui,2,40.1618807779,-3.09041515755,
Abak Dela,2,39.8702436869,-0.498344706717,
Hola,2,39.9921563698,-1.48453471213,Sagem (OFC Terminals)
Bura,2,39.9281425111,-1.07619901393,
Girifio,2,39.7338364977,1.98808949673,
Laga Bogal,2,39.7528193961,1.22606150841,
Wajir,2,40.057254745,1.74622822523,County Headquaters
Kioini,2,40.5230804449,-2.48933351284,
Mkunumbi,2,40.6927702826,-2.27159940227,
Mpeketoni,2,40.6913184085,-2.35169659218,
Majengo,2,40.7299955907,-1.87456069472,
Kiongwe,2,40.7788922038,-2.34863955589,
Mokowe,2,40.8422922728,-2.20040010553,
Hindi,2,40.8132923787,-2.14311035082,
Dadaab,2,40.2924925332,0.0725053908764,
Hagadera,2,40.3612509267,0.0259029369202,
Liboi,2,40.8518070033,0.364614561829,
Moyale,2,39.0548625937,3.51256971925,Sagem (OFC Terminals)
Kara Arba,0,39.3036003063,3.3948014813,
Dabei,2,39.2674507354,3.07968421549,
Buna,0,39.4941634315,2.78140178669,
El Danube,2,39.7887721521,3.32932270375,
Warsesa,2,39.9765051762,3.65179049177,
Beloble,2,40.0142338421,3.23888482297,
Derkali,2,40.2681105343,3.85689447798,
Banissa,2,40.3498783417,3.8992351658,
Kotulo,2,40.6337052189,2.44089038338,
War Gedud,2,40.8651671903,3.18170639812,Sagem (OFC Terminals)
Malka Mari,2,40.7628956497,4.25869231539,
Lamu,2,40.8911688989,-2.23262781281,County Headquaters
Manda Island,2,40.9484261484,-2.22986924494,
Gari,2,40.9613693026,3.42326910601,
El Wak,2,40.9282574072,2.81219463849,Sagem (OFC Terminals)
Lefy,0,41.230958371,3.11605657212,
Kamu,0,41.2203323188,3.92335971617,
Mandera,0,41.866247983,3.92871156053,County Headquaters
Diani,0,0,0,Sagem (OFC Terminals)
Milhoi,0,0,0,Sagem (OFC Terminals)
Wote,0,0,0,County Headquaters
Kitui,0,0,0,County Headquaters
El Dera,0,0,0,Sagem (OFC Terminals)
Maganya,0,0,0,Sagem (OFC Terminals)
Kirua,0,0,0,ZTE (OFC Joint)
Kapenguria,0,0,0,County Headquaters
Longonot,0,0,0,TLK (OFC Terminals)
Nyamira,0,0,0,County Headquaters
Mumias,0,0,0,ZTE (OFC Terminals)
Ol Kalou,0,0,0,County Headquaters
Kilimambogo,0,0,0,ZTE (OFC Joint)
Isbania,0,0,0,ZTE (OFC Terminals)